Gene,Description¹,GO_Annotation(s)¹,Interaction_partner(s),SV_details (allele freq<0.01)²,FusorSV_id(s)²,OFCL³,ALL,MSC,NCC,NCC_12.5⁴,NCC_13.5⁴,NCC_14⁴,NCC_14.5⁴
TGFB2,Transforming Growth Factor Beta 2,Signaling receptor binding,SMAD family,multi-SV multi-sample NCC insulator DEL,"C_9550, C_9541",1,0,3,0,8.4935150640616595,7.8339963417094598,8.5213843960346995,8.9677591267695007
MECOM,MDS1 And EVI1 Complex Locus,Transcriptional regulator,"SMAD3, CREBBP, KAT2B, MAPK8, MAPK9",multi-SV multi-sample MSC insulator DEL,"C_32706, C_32721",1,0,2,0,10.9688704773528,8.1179089423831492,8.6941671418836002,8.6956740488242499
BCOR,BCL6 Corepressor,TF binding,"BCL6, MLLT3, KDM2B, TFAP2A","multi-SV in single sample direct DEL, INV","C_97874, C_242386",1,2,0,0,8.1244468557158491,6.7511014689367599,7.44716835960004,7.7803030879083703
SOX9,SRY-Box Transcription Factor 9,DNA binding TF activity,"COL family, RUNX2, FOXO family",NCC enhancer/insulator INS (MEI),C_227086,1,0,0,2,8.5207867269263708,7.8046592970560997,8.2635904326173204,7.2970910051604196
SIM2,SIM BHLH Transcription Factor 2,DNA binding TF activity,"SIX3, FOXR2, SUMO3","MSC insulator, NCC enhancer DEL",C_175091,1,0,2,2,9.0038080864671706,7.3238305662023198,8.0446262797673391,7.6202147705744503
SMARCA2,SWI/SNF Related BAF Chromatin Remodeling Complex Subunit ATPase 2,DNA binding activity,npBAF complex,"MSC insulator/enhancer, NCC enhancer DEL",C_88109,1,0,1,1,8.8974088652709504,8.4593521917263903,9.07440609473535,9.1591523352067501
HIF1A,Hypoxia Inducible Factor 1 Subunit Alpha,DNA binding TF activity,"APEX1,CREBBP,EP300,NCOA1",MSC insulator DEL,C_135462,1,0,1,0,8.8251189703450592,7.9575274022307703,8.6228136732799197,8.7946734013834202
TCF7L2,Transcription Factor 7 Like 2,"DNA binding TF activity, Chromatin binding","MYC, CTNNB1. TLE family","MSC, NCC enhancers DEL",C_109245,1,0,1,1,9.8100007094426598,8.5950797300733104,9.3507108248234605,9.6035979369766
MEIS2,Meis Homeobox 2,"TF binding, DNA binding TF activity","EPHA8, PBX family, HOX family",multi-sample direct INS (MEI),C_223697,1,1,0,0,11.017710688718401,9.5630374145456898,10.3616083598701,10.8907957716456
DNMT1,DNA Methyltransferase 1,"RNA binding, TF binding","H3K4, H3K9, BAG1",direct exon DEL,C_163987,1,1,0,0,8.6462897647506498,7.5704432520573697,8.1545001751519397,7.6629378504615397
BICC1,BicC Family RNA Binding Protein 1,RNA binding,"FGFR2, FGFR1, TACC3 ",MSC enhancer DEL,C_107117,1,0,1,0,9.1035343676583693,8.4521211946725199,9.1708716280658198,9.7041215611329203
PAX3,Paired Box 3,"DNA binding TF activity, Chromatin binding","MITF, SOX10",multi-SV multi-sample MSC insulator DEL,C_23454,1,0,2,0,5.0814043649844596,6.4248690239053898,7.8732170548627396,9.0332451341538107
BMP4,Bone Morphogenetic Protein 4,"Cytokine activity, Heparin binding","SMAD1, MSX1, CTNNB1, MAP family",NCC enhancer DEL,C_135176,1,0,0,2,6.8648477779708603,5.78382518232974,6.4831073514571997,7.0246490304536398
MED1,Mediator Complex Subunit 1,Chromatin binding,"SP1, TFIID","multi-SV mult-sample NCC enhancer DEL, MSC insulator DEL","C_154763, C_154766, C_154770",0,0,1,2,8.4257355809273999,7.3530819205154296,7.9772819867551501,7.7853051825398598
NFE2L1,NFE2 Like BZIP Transcription Factor 1,DNA binding TF activity,"CEBPB, SP7","multi-SV multi-sample NCC enhancer DEL, MSC insulator INS, enhancer DEL","C_155411, C_226633",0,0,1,2,8.00869818298853,7.3453648404168703,7.9233482119301497,7.8224447294893196
DOT1L,DOT1 Like Histone Lysine Methyltransferase,"Histone methyltransferase activity, TF binding","MLLT3, BCOR, NCOR1, TFAP2A",multi-SV multi-sample MSC/CC enhancer DEL,"C_162775, C_162773, C_162777",0,0,2,1,8.0516595568419493,7.0012456220694803,7.6843240676811604,7.6043963487963397
MLLT6,"MLLT6, PHD Finger Containin",Transcriptional regulator,MED1,"multi-SV multi-sample NCC insulator DEL, enhancer INS","C_154706, C_226473",0,0,0,2,6.85329909318608,5.8289456176102101,6.4723462945009,6.3699009828282298
ANP32B,Acidic Nuclear Phosphoprotein 32 Family Member B,Histone binding,"XPO1, CRM1",MSC insulator DEL,C_91851,0,0,1,0,9.7995149621531503,8.8170014436658608,9.3286565987942307,8.5688364245680795
SERTAD2,SERTA Domain Containing 2,Transcription coactivator activity,"E2F1, TFDP1",NCC enhancer INS,C_185279,0,0,0,1,8.1997389606307909,7.1701195434496299,7.9888822533092299,8.1730113117249701
AFF3,ALF Transcription Elongation Factor 3,DNA binding,"MLLT3, MLLT1, CDK9",direct exon DEL,C_18569,0,1,0,0,10.6144746512244,9.5945137446167195,10.331822474735,10.695552035766999
PHF21A,PHD Finger Protein 21A,Chromatin binding,"KDM1A, BHC complex",direct exon DEL,C_113972,0,1,0,0,9.9336772236991795,8.6401185382535406,9.3411931803949493,9.9169465722202794
WDR82,WD Repeat Domain 82,Chromatin binding,"H3K4, POLR2A, SET1, SET2",MSC insulator DEL,C_27678,0,0,1,0,8.2540085905648404,7.2950564164626304,7.9494444202506296,7.49276030092238
TET3,Tet Methylcytosine Dioxygenase 3,5-methylcytosine dioxygenase activity,"H2B, methyl-CpG",direct exon DEL,C_16066,0,1,0,0,8.8736081015491095,7.6103576183128396,8.1730113117249701,8.3747075431194808
PWWP2A,PWWP Domain Containing 2A,"Mitosis progression, Chromatin binding","CHD7, MBD3, MTA1, H3K27, NuRD complex",MSC enhancer DEL,C_54086,0,0,1,0,8.3614746164168192,7.2370590261247401,7.8943180638416202,8.0235523924043495
GATAD2A,GATA Zinc Finger Domain Containing 2A,DNA binding TF activity,"MBD2, NuRD complex",direct exon DEL,C_164798,0,1,0,0,8.0646364800000008,7.3004728099999996,7.8935720700000003,7.5913570500000001
SINHCAF,SIN3-HDAC Complex Associated Factor,Complex stability,SINA3 complex,NCC insulator DEL,C_121569,0,0,0,1,8.54305585,7.1000271699999997,7.6177595800000004,6.8824374700000002
MBD5,Methyl-CpG Binding Domain Protein 5,Chromatine binding,"PR-DUB complex, MBD6",NCC enhancer DEL,C_20557,0,0,0,1,9.8339230891502201,8.5492730848796494,9.3249182766836203,9.9493209688793005
BRD9,Bromodomain Containing 9,"Nucleic acid binding, Lysine-acetylated histone binding","RAD-51, RAD-54 complex, GBAF",direct exon DEL,C_46839,0,1,0,0,8.0799277707582693,7.3152183897529701,7.8469809821387901,7.6439619490025299
EYA4,EYA Transcriptional Coactivator And Phosphatase 4,Protein tyrosine phosphatase activity,"MDC1, H2AX",MSC insulator DEL,C_64833,0,0,1,0,10.6416797978892,8.9614943233095996,9.5086656045264402,9.7293127208779406
LIMS1,LIM Zinc Finger Domain Containing 1,Protein kinase binding,GCC2,multi-sample MSC enhancer DEL,C_18906,0,0,4,0,9.1460151614196192,8.1884113080790293,8.8931608287353807,9.0821660332526708
LMO7,LIM Domain 7,"Ubiquitin-protein transferase activity, Actinin binding","ACTN family, AFDN",direct exon INS,C_220931,0,1,0,0,5.51745289646471,6.6605751498396897,7.9915922820680896,8.4396639889070002
SRSF6,Serine And Arginine Rich Splicing Factor 6,"RNA binding, NA binding",MAPT,"NCC, MSC enhancer DEL",C_171588,0,0,1,1,9.2367875419910295,8.1588024906940007,8.7945218517885309,8.6211927814347202
SETD4,SET Domain Containing 4,Methyltransferase activity,PKMTs methylate histone lysines,"multi-SV multi-sample MSC,NCC, insulator and enhancers DEL,INV","C_248771, C_175033, C_231252, C_175039, C_175035, C_175036",0,0,3,4,6.8638033914529499,5.7004435733906904,6.5395859556176701,6.5957805139613104
MEIS3,Meis Homeobox 3,DNA-binding transcription activator activity,"PDPK1,NDFIP1, BNIP3, CCNG1","direct 5 prime DEL, NCC enhancer DEL ","C_167106, C_167108",0,1,0,1,5.2040066870767996,4.5108595065168497,5.1929568508902104,5.3181199938442196
RORB,RAR Related Orphan Receptor B,DNA binding TF activity,"RUNX2, PTF1A, FOXN4",MSC insulator DEL,C_90808,0,0,1,0,5.0751738152338302,6.6359465556866502,7.00033446027523,8.2967958657700507
ZMYM3,Zinc Finger MYM-Type Containing 3,Complex binding,"MED12, TAF1, OGT, NONO, ARR3",MSC insulator DEL,C_99036,0,0,1,0,6.9884131819995901,6.2441669006637399,6.7979404129749303,6.7511014689367599
KDM8,Lysine Demethylase 8,"Chromatin binding, histone H3K36 demethylase activity","CCNA1,CRY1, RCCD1,H3K36 ",NCC promoter DEL,C_148215,0,0,0,1,5.55682806169954,4.4308167988433098,5.2882670306945396,5.3844950627890897
ELK1,ETS Transcription Factor ELK1,DNA binding TF activity,"MAPK family, SRF, ETS","multi-SV same sample direct DEL, promoter DEL","C_98135, C_98138, C_98139",0,3,0,1,6.3099182782265197,5.49306144334055,6.08677472691231,5.7104270173748697
WAPL,WAPL Cohesin Release Facto,Seperation of sister chromatids,"NIPLB, SMC3, RAD21",double MSC enhancer DEL,C_108338,0,0,2,0,9.1164691563661098,8.1226680233464101,8.7784799525084907,8.9957848378485092
ELP4,Elongator Acetyltransferase Complex Subunit 4,"Histone acetyltransferase activity, Phosphorylase kinase regulator activity","WDR61, ELP family","multi-SV multi-sample direct DEL, massive MSC, NCC enhancer/promoter DEL","C_113297,C_113297",0,2,1,2,8.7777095957952493,7.5913570466985503,8.4184772184770793,8.9095055129460992
PRKCA,Protein Kinase C Alpha,"ATP binding, Enzyme binding, Nucleotide binding, Zinc io binding","SDC4, PICK1, PRKCG, RACK1, NCF1",MSC insulator DEL,C_156268,0,21,8,1,8.3800000000000008,7.75,8.65,9.4
